<ImportExportXml version="9.2.24114.232" SolutionPackageVersion="9.2" languagecode="1033" generatedBy="CrmLive" xmlns:xsi="http://www.w3.org/2001/XMLSchema-instance" OrganizationVersion="9.2.24114.232" OrganizationSchemaType="Standard" CRMServerServiceabilityVersion="9.2.24122.00188">
  <SolutionManifest>
    <UniqueName>AnimalShelterSolution</UniqueName>
    <LocalizedNames>
      <LocalizedName description="Animal Shelter Solution" languagecode="1033" />
    </LocalizedNames>
    <Descriptions />
    <Version>1.0.0.2</Version>
    <Managed>1</Managed>
    <Publisher>
      <UniqueName>ChallengeProject</UniqueName>
      <LocalizedNames>
        <LocalizedName description="Challenge Project" languagecode="1033" />
      </LocalizedNames>
      <Descriptions />
      <EMailAddress xsi:nil="true"></EMailAddress>
      <SupportingWebsiteUrl xsi:nil="true"></SupportingWebsiteUrl>
      <CustomizationPrefix>cp</CustomizationPrefix>
      <CustomizationOptionValuePrefix>12157</CustomizationOptionValuePrefix>
      <Addresses>
        <Address>
          <AddressNumber>1</AddressNumber>
          <AddressTypeCode>1</AddressTypeCode>
          <City xsi:nil="true"></City>
          <County xsi:nil="true"></County>
          <Country xsi:nil="true"></Country>
          <Fax xsi:nil="true"></Fax>
          <FreightTermsCode xsi:nil="true"></FreightTermsCode>
          <ImportSequenceNumber xsi:nil="true"></ImportSequenceNumber>
          <Latitude xsi:nil="true"></Latitude>
          <Line1 xsi:nil="true"></Line1>
          <Line2 xsi:nil="true"></Line2>
          <Line3 xsi:nil="true"></Line3>
          <Longitude xsi:nil="true"></Longitude>
          <Name xsi:nil="true"></Name>
          <PostalCode xsi:nil="true"></PostalCode>
          <PostOfficeBox xsi:nil="true"></PostOfficeBox>
          <PrimaryContactName xsi:nil="true"></PrimaryContactName>
          <ShippingMethodCode>1</ShippingMethodCode>
          <StateOrProvince xsi:nil="true"></StateOrProvince>
          <Telephone1 xsi:nil="true"></Telephone1>
          <Telephone2 xsi:nil="true"></Telephone2>
          <Telephone3 xsi:nil="true"></Telephone3>
          <TimeZoneRuleVersionNumber xsi:nil="true"></TimeZoneRuleVersionNumber>
          <UPSZone xsi:nil="true"></UPSZone>
          <UTCOffset xsi:nil="true"></UTCOffset>
          <UTCConversionTimeZoneCode xsi:nil="true"></UTCConversionTimeZoneCode>
        </Address>
        <Address>
          <AddressNumber>2</AddressNumber>
          <AddressTypeCode>1</AddressTypeCode>
          <City xsi:nil="true"></City>
          <County xsi:nil="true"></County>
          <Country xsi:nil="true"></Country>
          <Fax xsi:nil="true"></Fax>
          <FreightTermsCode xsi:nil="true"></FreightTermsCode>
          <ImportSequenceNumber xsi:nil="true"></ImportSequenceNumber>
          <Latitude xsi:nil="true"></Latitude>
          <Line1 xsi:nil="true"></Line1>
          <Line2 xsi:nil="true"></Line2>
          <Line3 xsi:nil="true"></Line3>
          <Longitude xsi:nil="true"></Longitude>
          <Name xsi:nil="true"></Name>
          <PostalCode xsi:nil="true"></PostalCode>
          <PostOfficeBox xsi:nil="true"></PostOfficeBox>
          <PrimaryContactName xsi:nil="true"></PrimaryContactName>
          <ShippingMethodCode>1</ShippingMethodCode>
          <StateOrProvince xsi:nil="true"></StateOrProvince>
          <Telephone1 xsi:nil="true"></Telephone1>
          <Telephone2 xsi:nil="true"></Telephone2>
          <Telephone3 xsi:nil="true"></Telephone3>
          <TimeZoneRuleVersionNumber xsi:nil="true"></TimeZoneRuleVersionNumber>
          <UPSZone xsi:nil="true"></UPSZone>
          <UTCOffset xsi:nil="true"></UTCOffset>
          <UTCConversionTimeZoneCode xsi:nil="true"></UTCConversionTimeZoneCode>
        </Address>
      </Addresses>
    </Publisher>
    <RootComponents>
      <RootComponent type="1" schemaName="cp_animalinformation" behavior="0" />
      <RootComponent type="1" schemaName="cp_fosterinformation" behavior="0" />
      <RootComponent type="1" schemaName="cp_shelterlocationinfo" behavior="0" />
      <RootComponent type="29" id="{0661e660-dfb7-ef11-b8e8-6045bdefc079}" behavior="0" />
      <RootComponent type="29" id="{e5dfbe28-91b8-ef11-b8e8-6045bdefc079}" behavior="0" />
      <RootComponent type="61" schemaName="Administration.svg" behavior="0" />
      <RootComponent type="61" schemaName="Auditing.svg" behavior="0" />
      <RootComponent type="61" schemaName="cp_locationmarker" behavior="0" />
      <RootComponent type="62" schemaName="cp_PetHawApp" behavior="0" />
      <RootComponent type="80" schemaName="cp_PetHawApp" behavior="0" />
      <RootComponent type="300" schemaName="cp_pawheartcanvas_68507" behavior="0" />
      <RootComponent type="300" schemaName="cp_pawheartcustompage_f506a" behavior="0" />
      <RootComponent type="431" schemaName="cp_animalinformation cp_photo" behavior="0" />
      <RootComponent type="432" schemaName="cp_animalinformation" behavior="0" />
    </RootComponents>
    <MissingDependencies>
      <MissingDependency>
        <Required type="61" schemaName="Administration.svg" displayName="Administration.svg" solution="PowerPlatformEnvironmentSettings (1.1.1.501)">
          <package appName="Power Platform Environment Settings App" version="1.1.1.501">PowerPlatformEnvironmentSettingsApp_Anchor (1.1.1.501)</package>
        </Required>
        <Dependent type="1" schemaName="cp_fosterinformation" displayName="Foster Information" />
      </MissingDependency>
      <MissingDependency>
        <Required type="61" schemaName="Administration.svg" displayName="Administration.svg" solution="PowerPlatformEnvironmentSettings (1.1.1.501)">
          <package appName="Power Platform Environment Settings App" version="1.1.1.501">PowerPlatformEnvironmentSettingsApp_Anchor (1.1.1.501)</package>
        </Required>
        <Dependent type="61" schemaName="Administration.svg" displayName="Administration.svg" />
      </MissingDependency>
      <MissingDependency>
        <Required type="61" schemaName="Auditing.svg" displayName="Auditing.svg" solution="PowerPlatformEnvironmentSettings (1.1.1.501)">
          <package appName="Power Platform Environment Settings App" version="1.1.1.501">PowerPlatformEnvironmentSettingsApp_Anchor (1.1.1.501)</package>
        </Required>
        <Dependent type="1" schemaName="cp_animalinformation" displayName="Animal Information" />
      </MissingDependency>
      <MissingDependency>
        <Required type="61" schemaName="Auditing.svg" displayName="Auditing.svg" solution="PowerPlatformEnvironmentSettings (1.1.1.501)">
          <package appName="Power Platform Environment Settings App" version="1.1.1.501">PowerPlatformEnvironmentSettingsApp_Anchor (1.1.1.501)</package>
        </Required>
        <Dependent type="61" schemaName="Auditing.svg" displayName="Auditing.svg" />
      </MissingDependency>
      <MissingDependency>
        <Required type="61" schemaName="msdyn_/Images/AppModule_Default_Icon.png" displayName="msdyn_/Images/AppModule_Default_Icon.png" solution="AppModuleWebResources (2.5)" />
        <Dependent type="80" schemaName="cp_PetHawApp" displayName="Paw &amp; Heart App" />
      </MissingDependency>
      <MissingDependency>
        <Required type="SettingDefinition" displayName="AppChannel" solution="msdyn_AppFrameworkInfraExtensions (1.0.0.12)" id.uniquename="AppChannel">
          <package appName="PowerAppsAppFramework Package" version="1.0.0.16">PowerAppsAppFramework_Anchor (1.0.0.16)</package>
        </Required>
        <Dependent type="AppSetting" displayName="parentappmoduleid.uniquename=cp_PetHawApp,settingdefinitionid.uniquename=AppChannel" id.parentappmoduleid.uniquename="cp_PetHawApp" id.settingdefinitionid.uniquename="AppChannel" />
      </MissingDependency>
    </MissingDependencies>
  </SolutionManifest>
</ImportExportXml>