{
  "properties": {
    "connectionReferences": {
      "shared_commondataserviceforapps": {
        "runtimeSource": "embedded",
        "connection": {},
        "api": {
          "name": "shared_commondataserviceforapps"
        }
      },
      "shared_outlook": {
        "runtimeSource": "embedded",
        "connection": {},
        "api": {
          "name": "shared_outlook"
        }
      }
    },
    "definition": {
      "$schema": "https://schema.management.azure.com/providers/Microsoft.Logic/schemas/2016-06-01/workflowdefinition.json#",
      "contentVersion": "1.0.0.0",
      "parameters": {
        "$connections": {
          "defaultValue": {},
          "type": "Object"
        },
        "$authentication": {
          "defaultValue": {},
          "type": "SecureObject"
        }
      },
      "triggers": {
        "When_a_row_is_added,_modified_or_deleted": {
          "metadata": {
            "operationMetadataId": "b17a3250-954e-4ed5-ae3a-b5f2ad586404"
          },
          "type": "OpenApiConnectionWebhook",
          "inputs": {
            "host": {
              "connectionName": "shared_commondataserviceforapps",
              "operationId": "SubscribeWebhookTrigger",
              "apiId": "/providers/Microsoft.PowerApps/apis/shared_commondataserviceforapps"
            },
            "parameters": {
              "subscriptionRequest/message": 3,
              "subscriptionRequest/entityname": "cp_animalinformation",
              "subscriptionRequest/scope": 4
            },
            "authentication": "@parameters('$authentication')"
          }
        }
      },
      "actions": {
        "Get_a_row_by_ID": {
          "runAfter": {},
          "metadata": {
            "operationMetadataId": "2649133e-a452-4e6c-8a05-76968ac80c1b"
          },
          "type": "OpenApiConnection",
          "inputs": {
            "host": {
              "connectionName": "shared_commondataserviceforapps",
              "operationId": "GetItem",
              "apiId": "/providers/Microsoft.PowerApps/apis/shared_commondataserviceforapps"
            },
            "parameters": {
              "entityName": "cp_animalinformations",
              "recordId": "@triggerOutputs()?['body/cp_animalinformationid']"
            },
            "authentication": "@parameters('$authentication')"
          }
        },
        "Condition": {
          "actions": {
            "Compose": {
              "runAfter": {},
              "metadata": {
                "operationMetadataId": "8c161b23-196c-4084-a17f-1999bbe4982d"
              },
              "type": "Compose",
              "inputs": "@formatDateTime(\r\n       if(\r\n           equals(\r\n               formatDateTime(\r\n                   addDays(utcNow(), 5),\r\n                   'dddd'\r\n               ),\r\n               'Sunday'\r\n           ),\r\n           addDays(utcNow(), 6),\r\n           addDays(utcNow(), 5)\r\n       ),\r\n       'ddd dd MMM yyyy'\r\n   )"
            },
            "Send_an_email_(V2)": {
              "runAfter": {
                "Compose": [
                  "Succeeded"
                ]
              },
              "metadata": {
                "operationMetadataId": "867fc87c-2d39-402f-ab7c-0062eb7eb641"
              },
              "type": "OpenApiConnection",
              "inputs": {
                "host": {
                  "connectionName": "shared_outlook",
                  "operationId": "SendEmailV2",
                  "apiId": "/providers/Microsoft.PowerApps/apis/shared_outlook"
                },
                "parameters": {
                  "emailMessage/To": "stephennengi@gmail.com",
                  "emailMessage/Subject": "@{outputs('Get_a_row_by_ID')?['body/cp_name']} is Ready for Foster ",
                  "emailMessage/Body": "<p>Dear @{outputs('Get_a_row_by_ID')?['body/cp_name']},<br>\n<br>\nPlease informed that @{outputs('Get_a_row_by_ID')?['body/cp_name']} is ready for pickup.<br>\n<br>\n<br>\n&nbsp;&nbsp;&nbsp;&nbsp;&nbsp;&nbsp;&nbsp;&nbsp;&nbsp;&nbsp;&nbsp;&nbsp;&nbsp;&nbsp;&nbsp;&nbsp;&nbsp;&nbsp;<br>\n&nbsp;&nbsp;&nbsp;&nbsp;&nbsp;&nbsp;&nbsp;Microchip ID: @{outputs('Get_a_row_by_ID')?['body/cp_microchipid']}<br>\n &nbsp;&nbsp;&nbsp;&nbsp;&nbsp;&nbsp;&nbsp;&nbsp;&nbsp;&nbsp;&nbsp;&nbsp;&nbsp;&nbsp;&nbsp;&nbsp;&nbsp;&nbsp;&nbsp;Name: @{triggerOutputs()?['body/cp_name']}<br>\n&nbsp;&nbsp;&nbsp;&nbsp;&nbsp;&nbsp;&nbsp;&nbsp;&nbsp;&nbsp;&nbsp;&nbsp;&nbsp;&nbsp;&nbsp;&nbsp;&nbsp;&nbsp;&nbsp;&nbsp;&nbsp;&nbsp;Age: @{outputs('Get_a_row_by_ID')?['body/cp_age']}<br>\n&nbsp;&nbsp;&nbsp;&nbsp;&nbsp;&nbsp;&nbsp;&nbsp;&nbsp;&nbsp;&nbsp;&nbsp;&nbsp;&nbsp;&nbsp;&nbsp;&nbsp;&nbsp;&nbsp;&nbsp;&nbsp;Type: @{variables('VarAnimalTypeLabel')},<br>\n&nbsp;&nbsp;&nbsp;&nbsp;&nbsp;&nbsp;&nbsp;&nbsp;Shelter Home: &nbsp;@{outputs('Get_a_row_by_ID')?['body/cp_shelter']},<br>\n&nbsp;&nbsp;&nbsp;&nbsp;&nbsp;&nbsp;&nbsp;&nbsp;&nbsp;&nbsp;Pickup Date: @{outputs('Compose')},<br>\n<br>\nThank you for being an animal lover.<br>\n<br>\nRegards,<br>\nShelter manager<br>\n</p>",
                  "emailMessage/Importance": "Normal"
                },
                "authentication": "@parameters('$authentication')"
              }
            }
          },
          "runAfter": {
            "Initialize_variable_2": [
              "Succeeded"
            ]
          },
          "expression": {
            "equals": [
              "@outputs('Get_a_row_by_ID')?['body/cp_shelterstatus']",
              6
            ]
          },
          "metadata": {
            "operationMetadataId": "87773767-abf8-4e32-a57a-49d51a2e42c4"
          },
          "type": "If"
        },
        "Initialize_variable": {
          "runAfter": {
            "Get_a_row_by_ID": [
              "Succeeded"
            ]
          },
          "metadata": {
            "operationMetadataId": "bc4cb81a-ff92-4bc9-b2c9-a0fc87e01cd3"
          },
          "type": "InitializeVariable",
          "inputs": {
            "variables": [
              {
                "name": "VarAnimalTypeLabel",
                "type": "string",
                "value": "@{outputs('Get_a_row_by_ID')['body']['cp_type@OData.Community.Display.V1.FormattedValue']}"
              }
            ]
          }
        },
        "Initialize_variable_2": {
          "runAfter": {
            "Initialize_variable": [
              "Succeeded"
            ]
          },
          "metadata": {
            "operationMetadataId": "bc4cb81a-ff92-4bc9-b2c9-a0fc87e01cd3"
          },
          "type": "InitializeVariable",
          "inputs": {
            "variables": [
              {
                "name": "EmbedImage",
                "type": "string",
                "value": "<img src=\"data:image/jpeg;base64 @{triggerOutputs()?['body/cp_photo']}\",  alt = \"Pet Pics\"e\" /> "
              }
            ]
          }
        }
      },
      "outputs": {}
    },
    "templateName": ""
  },
  "schemaVersion": "1.0.0.0"
}